{
  "timestamp": "2025-11-14T19:48:25.875530",
  "configuration": {
    "train_seed": 11,
    "test_seed": 42,
    "frequencies": [
      1.0,
      3.0,
      5.0,
      7.0
    ],
    "hidden_size": 64,
    "num_layers": 2,
    "learning_rate": 0.001,
    "batch_size": 30,
    "num_epochs": 200
  },
  "metrics": {
    "train_mse": 0.02724848591267073,
    "test_mse": 0.03554418521752814,
    "generalization_gap": 0.00829569930485741,
    "generalizes_well": true
  },
  "per_frequency": {
    "train": {
      "f1_1.0Hz": {
        "mse": 0.04100533574819565,
        "mae": 0.10064423084259033
      },
      "f2_3.0Hz": {
        "mse": 0.019255639985203743,
        "mae": 0.07264875620603561
      },
      "f3_5.0Hz": {
        "mse": 0.02632737159729004,
        "mae": 0.0828741118311882
      },
      "f4_7.0Hz": {
        "mse": 0.0224055964499712,
        "mae": 0.07580503821372986
      }
    },
    "test": {
      "f1_1.0Hz": {
        "mse": 0.058864690363407135,
        "mae": 0.1141287237405777
      },
      "f2_3.0Hz": {
        "mse": 0.025343352928757668,
        "mae": 0.08112447708845139
      },
      "f3_5.0Hz": {
        "mse": 0.03059183992445469,
        "mae": 0.0880773589015007
      },
      "f4_7.0Hz": {
        "mse": 0.02737686224281788,
        "mae": 0.0790436640381813
      }
    }
  }
}