{
  "timestamp": "2025-11-11T19:03:39.331368",
  "configuration": {
    "train_seed": 11,
    "test_seed": 42,
    "frequencies": [
      1.0,
      3.0,
      5.0,
      7.0
    ],
    "hidden_size": 64,
    "num_layers": 2,
    "learning_rate": 0.001,
    "batch_size": 32,
    "num_epochs": 100
  },
  "metrics": {
    "train_mse": 0.04223644584976137,
    "test_mse": 0.04461474549171981,
    "generalization_gap": 0.002378299641958438,
    "generalizes_well": true
  },
  "per_frequency": {
    "train": {
      "f1_1.0Hz": {
        "mse": 0.04125911369919777,
        "mae": 0.11618510633707047
      },
      "f2_3.0Hz": {
        "mse": 0.04315656051039696,
        "mae": 0.1091730073094368
      },
      "f3_5.0Hz": {
        "mse": 0.0441545732319355,
        "mae": 0.11746916174888611
      },
      "f4_7.0Hz": {
        "mse": 0.04037553071975708,
        "mae": 0.10821031779050827
      }
    },
    "test": {
      "f1_1.0Hz": {
        "mse": 0.04707120731472969,
        "mae": 0.12356848269701004
      },
      "f2_3.0Hz": {
        "mse": 0.04399425536394119,
        "mae": 0.11141912639141083
      },
      "f3_5.0Hz": {
        "mse": 0.05034923553466797,
        "mae": 0.1251276731491089
      },
      "f4_7.0Hz": {
        "mse": 0.03704428672790527,
        "mae": 0.10576828569173813
      }
    }
  }
}